row_id,true_required_employees
f944201f75875b49278c1328d019123f5e7d6f67,2
cf95a3d507560c0c1c12b4362f994480f3af8eb1,2
ee863085a43e063e9f6336771573d7ea96fa43e0,2
8c36aa4346ad2b9f2b95752b98335fd18655937b,2
49c75dc78242893ab64d4b05ddbc66000e0d7287,3
3ff9cb80b4b5cd8bafb22eec1520536e8e16e9b7,3
83288a2c615133f853a0565c65859163eb718e5b,2
59e541720229e580a3dae952257f4cd9f2379b8b,2
fb6373989b37e5e121b504b84a6c326eaed329dd,2
0164edf7e192252cbc302df5d79b2c0b0740e6c7,2
7202cf53e3d2c4cddf0be037f0cdeb8ea28befc9,2
31fedad180f7cc6ea1c35055ba5f25b1ecaedae3,2
a5b73691447c299b39251c1dd4a90a6904ef8a77,2
bcaf541e5dc55e502d1bd4463c3efce60d2a9b48,3
410973130b7c9c67c2f60c227b6d51c0670a59e1,2
c8d03bac10aa063268a81638c574df3f3013eb66,2
fc9f12f72c230c9bccf6675b285317bb12705dfb,2
8d87a687130e8fb894f0eb85eceac51abdc98405,2
3ecbff4a03ca702577f7854c1c235255ec64c358,2
8369796f01cf15171ce25870ddc54f0f3ad44624,2
cc8a765a078e7045b5c5872764bbdd54b32cce3c,2
db34a869cfd13e2c6b8123c781ebeba8bc1a939d,2
5f7479a3ced53083cd9f8ef2990502cb615e16c2,2
144d80c5f21bbdfec88670edb8fae2a0bfc99012,2
db6b7cca7d14e41bf7d91f6e33cec3d115ac7d7d,2
77fea158ad2e89fee6bd4412d7a75bebc5bf5793,2
08024f8325efd4d2efaf0ccd2bde0d1dec2fc4f5,2
cfea6466e4917aeadfc6b045c0ab25fe5b63e2f7,2
f0f2534034d267ba9dce5b6217cf08285c97bd43,2
bea295f3cd561e3f752bf2d573fa607f32cd7963,2
985ae2446cd761f67b855fb5220258ca557892eb,2
590151ef822ba45d3dca7cb8eded2096aee48369,2
6d97c3bf0ea1df95ce8b3fc72c84504411554530,2
37b5cda4555d93df4e8e75d6b8cbefd8054cfc1a,3
793b47fe5c61bf16b6bb44350cd2c2a3b739e3b0,2
e0cf0aad6bb37bab41ed246bd041c170a369eebe,3
4b04716e9f0a9d13fb1cfeb57149613cfeb10111,3
7e74a81551d1b2609d19f5d19aeef0a0935bc68d,3
2e594047777e8ff2e589cc5c68e8bff2471e6437,3
b1712bbb95090ede639180b46022e7df9280e699,3
294d743bc01dce2a467641881dd5eb2afce39f21,2
8621e724840c37e7efe137afa70b23e754f68cb7,2
ef1a8a98059e85ccb778afe97f85bc65e072f99d,2
46c48a75a490c61d3b1b6b13638c756e764c8135,2
1aca31aaba19d4bf93bd5051a2716c811e81ef1f,2
7ce7d2aa74154b9751639ad6bc5c8a2be55d3c5d,2
db391bca0371e900734c9fa3d2cedeb77e5882ad,2
90648da7f239fad22176ae69bbb29ba9473737a5,2
5920f5cdf6ce5ab1a8bbfd119a38c2641498e40e,2
a8b6a3becd60994db7e4cad0d4a68c1063c78476,2
182cd1551c298c132b460296bf9e7979a3a65378,2
44b7477f367923c707c18ff8580cbea55e267267,2
451d818aff51f27c500cff9043948d5a9566471d,3
b1d41f27db960ceb6f5fb17af8686decf3dabd3c,2
59cb4540c5de6cd05c448cd3d19989676e9ad485,2
08ca5ffc3d37648bb9e31a8f3555480c94a875ab,2
480676a31b65aa950bafdb5a964beaa2b528caec,3
914f1a5d9dfd5b477ff4e18d03728dc93b951860,2
ad746320052c931d1d0108b4bb46c655406e6893,2
9e05c753377619f316dcf93fbb971a84a87feb25,3
7d323ca8807a41b3530ccf404ca0bdfe0231588c,2
9118ce6bcfd00975e6e608c38f15e4fab38d6015,3
5e42d4c4ab55206314daa39220740618eb4d6655,3
233cae6934144b1e7352341a3cbc56b65068e5b5,3
849f4ce1d85d2942f89a46b0fa04962206200021,3
da6b3291122c9c9649d9b12f0e83028e54a17ee5,3
fc7b52bf68647397da27fd1ad320f93bb144d231,3
ed9f47d614985b3e7778c2509160d034a05f9c6e,3
319686666296df1106737c04744aaf2d409be7f8,2
c52394de3679b8d13733151495df58cd8bbe8908,2
270949d9cb0d71ec4f9817491d40e2a923b8509b,3
b62c6321112a9c85614a3dd67a01b306e679adcd,3
1fe71533a26ecb2ee4a53e4e687bc10a96f5e7ac,2
87ff0a4f58e3ade044a726595604acafd925430b,3
c14381fd5291ce8bc35a47b3cb1dac8158063b6e,3
0087ebe5c016ae8fef49a8bdf66c039cf5d25e26,3
a51ee9c1ce525104b93f29679150d54eb09aae58,2
a3b7e1d83738d6dc41b3d2e8367b00cd130ae0c0,3
bf3ceeb4acd39939f86e074733038022efcb1727,3
0659234baa2ca22dcae446e7c907f4a1f366be92,3
ebea1b7372136bdb0609498739cbc2078bd0f31c,3
0a865eba483b0c52adeb36506a2fb279395342b9,3
c9a50b199c864197c4623665d31b969ded6546c9,3
a3f233d71c1d4657df6baa55395d701adf60374e,3
e268bdad5732eeb52525a24e93957fda92a80e4d,3
0415d3326ae56249f30a410066087604e7e6ed95,3
e46041218992bbb9d4f63f3200dfd172a08e0d82,3
0e2600756a7b48d4f2e7461b027968500a279ff6,3
1e20cde7b148f1dd233342617f7cfa8560e2f7d3,3
651095bffa747232834320c0d385b3b46fba59cc,3
dc59a17358b41ad2367ceae0aa974fa5e78f2050,3
eccbbd16716a0ac9f4f17f83020ec9d1edd04d7c,3
6b5a1098e924300d426542fed27b43c191ed5f20,3
f6fbeea7b6594f5bf195817c3a1c9a046696269f,3
662d83c4e1b02c14308a838fdc32f9e1f2bd6d03,3
bcfd7b49f1f2741cd301308623f262d606094d07,3
4a689f9f356eaf9b6effde6207d85644d198915b,3
f146283b497d1158fdebe516dc558bdcb406ad2b,3
f82d96cde27466b6deef0068aeb9990dc1b02aa3,2
cd1ebf878f7fad1e4c805e75802e7d44ce62ab56,3
332ec6a787637c31273cb789f1742b679dcd0a9e,3
ea82780d2959002c4d38a2c8cd607e8b098280eb,2
caab0c0368c468631ea5caff42c9cf4b1c257243,2
4acff87446eb83e9f4cae69fdfe219107389484b,2
9a57e40d75afd197664b29bc0e2effde997fa2ee,2
a77b50eef7b56a9d73f285d5f4e88fb54fec9cd8,2
613efb853d5831365953107b0e30e4413d26715d,3
e5c6878cf941f7575ed94b23eb6eda4757fa7b93,3
f5bc63a0d6b46c1ccbdf2ff3cb235e2894f48c76,3
e49b6f5a1a8ff6857474109f1102a9f08a9c6ac1,3
e55048a256de650ea58b79ce9bdc6855ccac1789,3
c49d29f198dfa1cba4d21ee30ba1ba020737c17e,3
feb8881614e264352a7989d2cd5b942413472c98,3
c2af2c047c491fd30c1287b714fb0a921bd635f4,3
cb9c9a88ac1995aef0afc7b3afe7f772064819ca,3
83bfc36637c64b4972e8dba936255b036fbcb118,3
f71cb8ce3ab566ac20c9a0391a1a089196b906c0,2
abeb849037e99cee425c155e779a326d5323992d,3
9ed2a4dfd4392f8e99a611a6bb620ff7e063967f,3
b46d44464c444e202840cb5038e7510c06fcf63b,3
0f7b0088d4d9be7628e771f44a18d8997a80bfe6,3
856449311c9a9ed66cf7880478d7b37323bd9053,3
a91742c5c2a21963f34ecd75c9aea9f83b067816,3
5f9b1906da3524586bd7eb09d35205cd2c9fd1fd,3
18bd3dee0f62745f3d2dc74f40d92a739af52e45,3
f6d550acf56d4f6eff761ecb5a91f123d0df2f87,3
7a561547c68e38c480be539102662a37065720a8,3
a497ea4e2191d510f019e75c23b2774928c60d72,3
19d0307a79945257722e4a1645927900ba4c5942,2
5817344f4f01c50694078e5a681e28c095ee6809,2
65465a084aadf1f19f37e0db851091bc22105970,3
7526d6eae7ba94f204c3f604c1d714f1442f883c,3
bd08c33db18f6a9fe9b7b6008f82d41ab78fad3b,3
e83374ad138236685979a748b53bad3abd9ff7c0,3
1a898e8730c9895ce57ce1cf40ede881294ae26a,3
be3d30559cdaebf3593a66605f39c883cd5a7c28,3
312edb4e86bafd9d512fe04f411c2f01169a6582,3
9943eb82eac510489202e890fc0a74af232edfef,2
668fe67d70af5ac829648e5da6bdfde2fc833011,3
454a8929971c5c082d21b34dc17abf6269a1c37b,2
c8eb49fc5365a90c767469f914305c0c30001064,3
4359d7c10b6bfa3b71d579f16d07bd3b61f0a602,2
ca6889c11ba911ca5d1732dd2380cd7e8d0b8181,3
8af6439b46f530b0107ead760393b89b457afb44,3
e8233ac4dc61de012337f3f5f71ed7185f2a863c,3
c0a00cce4899c08aee51286a08974a320e111571,3
870d4ff94183a28ef8624349e00c271a20342284,3
462b73e6fe230d9e43a9295613e7ba1a7650f6c0,3
ab4ccf377d0d70eac78437a5556f2dbb8d732173,3
00815542f339cedb132d52530c75c6318530c2ff,3
b69c324751bb19dbceed1722e15c41b9f9da325b,3
f20641dc850c10600f5b01c67c238c5d96b65ab1,3
58e016fa8b9ec6829756c50e54cf64aa43d49bc5,3
28f4f28e1cf16f90fdb90f35d65b1290213b6f42,3
835184364c3bd5eeb2c256374a79b3b2881e3599,3
9bd285ca316a3bac96865885ce4893af53b58d6b,3
ed5ffbe814aa0adacaeac15c768c6de84dc7c28b,3
21f11977011100f179f0a0f957654b41d3f7a727,3
b22920621a67a0b3c9a5bc21e416fb840622be77,3
14791f30f8959533c7e29755a13aa46acedca54c,3
d4c3015304bed64bbbd3fba3131392af177e64df,3
96cb10248d5de1bd9194661b6f3016c27faa937b,3
54356a1205a7c68ceb0a127f7d1b3ce68e1885e8,3
60f8efefc990c80b2460250d639e057bdbb66d51,3
615b39270569f19bf51fd724e799d3e41c51d7c7,3
2eef530c29d962720662badbec9c2cde0b17c0aa,3
10551b3a54ad4d2fc407ef53bca87a75ecad39d9,3
ba63a6effc0d5915dec125a9ae67b8a1bdc95f0d,2
4a88fa67a9f057440fe7cfc6deaace43eb8e9f7c,3
396beb371282c1c64ea8c7d94464b9cfcc0a7180,3
a6c76f70c5ca0c30ed988ab735d10f83085c6b4d,3
313b6c98cced7f14c7c397cf5753b13410f6166e,3
2eebfb8909d9aa9104531a76e299edcef5196039,3
495f0a33f5d0a052866ad1263ec689ae59331652,3
497f18445247703cab4a936aa72f1b989efd103d,2
a844074104c3b42daf09bc0a7bd419a46aef36e2,3
88e89cd2f006e2c15fcfef224e4771f91e0bdbd1,3
4381c27135794d39f06c52466c9663c7edaf3e33,3
ec7cb3dbca40d55d7723808f8cb31e7f192bc004,2
8eb91c1e03280694fa6645eead26b33eefe121c1,3
bc4a4cebd7b7bc8d8b43048a60cecb926fc3c4a6,3
1815afb59590747eca30bf6da8041deb241a1607,3
1594a75d5c1c870d8535789ef4a89a4da919c9df,3
027331b48fd19c28ec8104659672855a12aa4438,3
1b573fcf17327716a749ad275ea37e9ef09afbd5,3
d640cc4d5fad162947fbc48fb11f6ee3190ee85b,3
f5589ffc745d4ddb91dc2581a57a52fa468b3e0e,2
548b8311c596b778269acfccabe3afc7a43fdef8,2
f7ba4ef480341a3654072d3f763163445b68ecdd,2
46f74dd4742edda79d9dd79078a3df6e08c36625,2
2b9df54efa2c23fa991314f094548c1778039e68,2
05eb044f26531daf8958f03c61fb0a73c1fff964,2
eeffcb8b5271c72546dcbf37f93cac6f8e8363d7,2
98fae4699b3f70bc74ded44271f409b7bf4ee121,2
6151bb9a9000931f895432174340b8f33e778c2c,2
6f65f748be80bd9e029bc308bfe756e0237d983b,2
cef27a15418630f58dbbe7673ecd411d05c77c8b,2
c1470358c9ffeea5cbe1fb5fe56761b9c0921f95,2
b26a1eb4efc3c8dbca1df3cdcf34893cf19ed13a,2
abc208c240e1d8048a2ad6e3f7d427dbd198d521,2
d4f4d77911ff8ca402fb83b15460297433724068,2
94a36154bb5662d4abe4a3a43014d7fbf3ea70b4,2
b6f3670a38a07c16d8d6aea7dba3a3c6b06588cd,2
227b85f67956c998ba0f1cae957e41753cdcf4eb,2
d9c4bf0c512a1e33335b8291bbcb86e10c85fe81,2
7dac4857975d36f700b6a5f28a2ff22c86f5f25e,2
b277afde79d80a03077a7da241e25da31660d597,2
6f6d4f147ba44be334fd471f10469a17d30927d2,2
da94ee50a179ae77d82412c1e8de16cf16703654,2
89ed1e090c7b524233cb82879d539f1b397c4d47,3
2af6fab1dbadc468deb36f3536d0deda41be9d47,2
5e630c01d08ffb7a320cb145f45525d2296b2c9d,2
ef7079630c74c8f2196186e97d32fd11eebb5458,2
a8ea128e1d52ca74d0f97f576c06f2a86a8a20fd,3
7568e47b836ec2ed021df7b01de8e9f7b562a3a2,2
a9c6f912a4002934e3c65816d76b30985dceb81c,3
76138006f78883d198f67686b5961f17ca7ed799,3
dfd8d3fbdc8e7e744f8f886200a9f3f8fa5eb477,3
52e438da86cd8206ecfda3830aabcfd2ec4abead,2
35296fde5945c82e75cf79749deac68ec0453d94,2
03b07578e9a8388d595ffd323c61d910d9f29f57,3
7a07c0b239e4e81985f2801f5121d93336410289,2
6aca0997011fabb587e84c863a790414df7ff334,2
a0b4777af440053765bdb0d18065abf8e4910f52,2
2fdb15c561ea08b6483b7f353d97f765c36ba8df,2
6a720b967459528432dca7e9a10bdbd3846ca71a,2
16b14f9278019513e5aca4b48b18538092191549,2
28c3470a33643abbf359395ec93b3e4ba24a58b0,2
3c01898f132187c6cea103ce74e1e35e257dd3d4,2
661d7ca4dee62381e510775613c7379b5671ea9f,2
f0b655e28a8cf86cf238ab9213930a5962071805,2
9345fd14f9414fbf68bcbae1c5311cde24b9e5d4,2
9dfa1b9616226a405f125321d46412fd08adf61a,2
f86c04dd56cb2dc39c08fd27ec3c62c0cd5460bd,2
295bbb07de0bda80b1d907c482794e1fb18cdcfd,2
264f6a784db121862c5885a6ec32f9c5f0116073,2
930f4a0b03121f9cf79a6911955130d1d48ecdb1,2
f29a391ca6d263e718071f1ba3897691b7617d0c,2
5d14b838188fb9871e8c63bbf5ef24949c3e3c7b,2
3f7b4944e3128a8dc35c448db69452b7e0e7fb6d,4
99332e7824cd87585e2edc022daa70ab1ba0287a,4
9d8e04087a06e93ff4110c72faa35c8b4854c0ee,4
9b22cdbcc95e5f08adf548f036e4bc068c2bac71,4
c1042dad48395cba3128ed5a44955a8a28231101,4
6d3a8624cd75988d861cd8a6eb8e38c3c75178bd,4
ce3420756a4ddfc0c81bed4f8122eece5218a7c3,3
df416ed31edfbd6a26aad2bf08524c21ee6e780a,3
d342e4b0fc8af3f533cd00d3015b510cb5aee83b,4
a15887e74fbd697845dea326de9f434905c19c9f,4
3be870003901745538962d562115f08cb3c5887b,4
bb1e6d7135eefb7a816f66aaf0bc7b359532fcfd,4
7015b4ec72669ad1a4ebee00e81b3e05c59765ad,4
25cf3432c9b44a20b5d9e15c3cec083de83946c2,4
51d1779ef1a9d1687a948a1d4b4189eb6964b799,4
bdd877d7e220208e04cebc707c8dcb1a5b141c61,4
1143a610ccca47691ee316432af268483f388450,4
5afe3eb7c0be7659be1f6b310803ade385d5c596,4
89621074b5af67c9c2d1960bbe0cdfdf16e0779b,4
d0be0f9bf8c2fd088b00cf118e44c9ead9730094,4
5ca52c1dc4c8c47cd6ad394581c2660999002326,4
5d7c677ec40c8c0ab17e4bcdd1102c6ec7ab3bdb,4
e98075de728572ca9a8d32c1f6f3f6d9b556ea44,4
a26ead9b59aecfbfe57576369c6c2d945ff0a16f,4
f191117583285bbe37bfe0f767ac1d37cf2af144,4
d9e06068f3cdf7fbebc87584df3e4996da75d8e5,4
7613c6fa50735356872960cf3f9bba906bfe69c2,4
0f03c98a1ec47c29e2891ebbed14ab974fc5b523,4
c30faaa35ab1ef1e5dbaae0c279cd9189392a43e,4
44220e540c8ca3e048c8fc139e6f34b31f85ddf0,3
7cbac4a7678424093fccdb53c0925958627aba78,3
064f99619c9a21e80f08891c07c7dfb66e9af634,3
fa0f61cbfaf496ca800d771adf3376cf56db3d6e,4
8ec4e474f68ed6b4fdee945211c58c853f9f19d2,4
ecd1d6415d48d98a4750a62abc9634f6b064d612,4
444f7c44e4b5859faa5f8417286d1b940a67c55e,4
bd4f6b3ce1fb706640dc94305b1ed6ad764394c8,4
2e6264ffbc548e325add7791d18ee0143a9c3340,4
831e83e4be3bc7cf3f0f4625491f92abd917a044,4
878362fd6d3729ff3dbafda3affdb21cbf43c64a,4
f8a361c467641f97bbd457f5e29c6dd5ecab1e1b,4
af7b7313901e3375b4fde0acabd42fccfe1861fb,4
28f4389901ba4c00280101929c7c2fcbd32653a7,4
d45c407af1a005774b546b06b7f70a698a7dd754,4
ff4eb5566ef306220d5abef61aea127651cbc4b1,4
8099db918df2fb0a01735636bc7dbce74687b22f,4
8191caa40fb0a4f3f678d363e78e91538fe1fe85,4
7b096a11491fedc11187d271ef0625ec38440266,4
efe49b98c512b7536dc3e3ef852f8f07641d6cba,4
c01875806327d5646736f202f096dd40b98dcf5e,4
703b282e40e745e78e764242cb1f52627cec1e42,3
1961d90199d712d36a3d9c50bdcee6a688963f26,4
f4272eda06b02b248a564d6f3ebfd143ceeadeb3,4
69858a2c7d8df537f587b1ac6e888d1d377a6314,4
46d45679badd4c25ce41ffdb530c498c1f76ffd6,4
2250f012dcd9b71ffa0be5970d71745478ea3df1,4
b748b23571840e64c23744f111a88999697a4973,4
35291c3596b874e734c5c282d2da881ed6c4b937,4
5bf81a243c17c208a21520fa7ddc87c4200d7381,4
0c7e1b4254515b13d80cd9426a0dd16b127b21f3,4
52fb380c0e538b297a0f18ce75064829c3fdf3cd,4
dc9fcdab17e2d4b6d09cc49fdc3644c9b810ba36,4
51ef90c341e2bda3123ea1436a840f6dbc0c19dc,4
acc4f41ef60eee37332974ad27acfb21dd513792,4
6309ed0df9644c722677bc8ee4a855cd941fc085,4
64e9f0f8a2d15af0643986bed4bfeb3404f67af6,4
51dd916ed9a07b88b96fb1ae4e7e7f1eb7e549a8,4
8ecc464832723679c6494ecd7602cc3968e7ea1a,4
d6067df1d19e48c0ed5b924e85a96ebbed4b18d3,4
90ca16865a66dea5948a697becb81031f4b4c86c,4
669ede380bfdc9bf27373efebbe2b0b78a4a28ce,4
25721060fafa455a87064540e25009d1091a750a,4
1ba0185dccffb38f89f4f7387d0d064d4479befc,4
0d1c6dc31b1f2a49fd42b3a312c20232c4cc3438,3
ae91cde6cad84307336b1e375fecc1fda57ab297,3
23db3a35c00ab6df9a2df20e091b56e8013f1655,3
27751794355efbf284d9b902097afe012398ff5c,3
45e06bc0f72ffbdee963c852aceade91d682cc91,3
8f4d0933b8289056439d774c506def6ece6de4ea,3
947078d3d55417939ca1d2a642ad56941d0a8ab0,4
22fbd120a5891b9b897e590624761595d6395c32,4
e4a89b9cdad770eafda084ae3a27a7f0139aab89,3
50b5193b78e1089cffad3db889c7c4e94056e076,4
d331e80ac947452ae64645511b481015021b3594,4
85b3889e4574ef3ea7f7a97aeeed3ac852b71fa2,4
3043aac51c1f4f8093b67beeb25b6e23b37d8626,4
5cc304d56f953c84902792462639be074822f8f0,4
5afc794e6ec30f886cbaed1b71c3349389270738,4
e18d4b4eef07f75ba592775f835f10a5bb3f949e,4
ed6c197949b4032803a38b87994a6c6568420914,4
e81aa3283501a7997527d929937c0b0c33b6476b,4
918aba31e4174c549982f8daaf02c8d4add7987c,4
0073e21905be0875b8f12b4846afd354e6926242,4
d9860f921db2f37c7e8c8179fc3623be6c4d800a,4
6f3c3373ddbcf4755a42b6ffef2c4cd617658599,4
ca5cffbf38e2e350745bcfe5a24f90c5532f85e9,4
21f17c3f77a601d2585f07319940ceafd5468543,4
982f9055db05afb1ef4d3aa983edc39e0d3d9bff,4
2c8b6cdc9150aa9e0927a57d47c770482dc6b221,4
ada9b885203132b2a3a157994d434b5424a4269f,4
05a09e77b761e8f8d2739f4d9bb3c0e690248b97,4
5d46d741d3b88786a20af9ea31680b4860fa6fc0,3
5e8e5367eb9372d6eba62798fca3476044de5f63,3
755881fb78a5771f1ca0416e1879975d840bbe4e,3
1885f3e60eb89c19c0bb9b6de6386c2649dd3f71,4
854c8ea9841b2b8613211f5062381f326c341686,3
b6b3ce3fe72aee14f38b5a5c3c9df72a53d134a4,3
dad2982893e8df4a887155a682f083878f83977a,3
3a7d5bd369469e7d91560f4186f2400d7c298b01,3
ad15b3653543e82ff37bf1065914e63458155071,4
880ba77ce0dd5f496a879012e06f85fd7f766d5c,4
ffe25205aee9f7c782b8f64927863e756595554e,4
192d418232ad184e4bc6189102ab905479e323da,4
b5232c7c8ee52244cbbcf5fd612e62971ae1d140,4
1fe07eaecf0049768d64cc49061879f7e126a7f6,4
e103aace8d85f9ce7f78d0d47007970e002efc0f,4
fddca50a8e7074c4245fce28264d35b57013793a,4
728262fa5c2b105f062849fe19c1d5426bb94411,4
596b6e128fcc67e9b0d5f4a8eb944f78ed20e62e,4
a0951c4632a420794ec0937a960cee74710dca13,4
4d62c9d387426d7b44e55deb80139f851e079c25,4
6ece88eb43deb10d47a8c378009e118c821066f2,4
acbd2a720fb5d0544802577fc64f35791056d643,3
ae815d291c72a687ca862abe52d70e7b50eac19c,3
d826bdb7b63172fe501f311d1d0ce63881c7b095,4
7f2795a3e0781ef3d79f99a73da6feae4e7ffa52,4
9b0f02f4a3fbfb05e5d74e6254db13e5954bd24e,3
0a33129348746b1b56c9b37f8304241c9eef9db1,3
69b83d65aa05ccb63ccfe3a833ab535718b8f0c1,3
da04852e9d641a3805e237514bfd016db75a12e7,3
d357f4b70ef450e244f89ee272554bc114671629,4
84cc4b23ef78ed1cb90583ebde79d45d1e78eb6b,4
5b7be5489298139805612ed63db065439332d76d,4
2f2266c7d63267a23e7deee81ea410d0c201351f,4
0c929425b8064bdaf0a196687f5bdc4c1f7e8016,4
77d4d4a0a7a90ff741a2edc6458a7d37e0721fab,4
f72c98e0e0a67a08ec7494e2cf044b24fecafdff,4
1a08a21544844e4635f75db40b9ff2850ab2cb97,4
87d967635cd9a7dbb4d8167eab539d1c53d7def2,4
0c791ec44931794b818074e1da4eeeef496d4480,4
10299d17852782a529176940e820ae8fc5c10034,4
9b442205a10fb98c65e49aae4e34321c62403b34,4
5a36797a3787ae6c38ac5a0eb45a7cec3185dd32,4
4933039b85d07875b8fac3eada015b5a04c55187,4
384ea456572a258f16a3a3f5eee4feca32c1dbf2,4
837140f0655538ab0c0a2ae68cc20f7c92da2193,4
a0b8f33f39ef628a459611c1b45b46426e4111eb,4
a4f21799cd37544b9791af1fece98d57df11619b,4
5b97da521655235de5aa5113e6b01815a238ebdd,3
6628ef53193c20edcca4a9ff702d19342fc70181,3
115214f56f084978ad67626fb39d61f3bb299c12,4
983acadfd8deb4982d05e94e366232cc33b07878,4
fabbc02fc9a3072b47c3edc31085e02ad1dc1726,4
f481c39dbaac2ed7000cb4227f0591ae2d915e6a,4
c6303d4193b674e58fd061a47a5edc64e8434102,3
d187b5b5dbbd1d2237643f6a782f5be74b275982,3
9185d0f424f6aa18c4b40a3fddcc9d17d351e7f8,4
1f2794b077d86664fe835c98515ce3c7286f1928,4
b25c2021ae75170d39c446b7944add4af143109f,4
5cee9af474e76fe1143430c524170d6a78a988f0,4
388e758465f7c34e6ca64d3b40d4a979de394779,4
23d4d7d4aab19b6193dfcb88a2811d756daab669,4
283645cfebac10dd74552051a64b6043ba2eb4b7,4
f6f505915cb5f28daebbc87e29311530f8a88ebe,3
57de19a5c5866ec364dda3397d492d2bbb04440e,3
a19757f85eb42b65c41f42163cc63bef9c43e196,4
64a190ed13a7acfe9559a86c2d1dd3dcb8e1997e,4
009a74a69dbc67e2e9b1151654d3f7a1e475441d,4
d41d7e1afa1b854b0e8a778ac5a39591fc68e8af,3
d58ef95bacf3970c2bdfc22673aae907553c5f27,3
b962f39f87decbed82d3bc8cf26f4bf13da1e256,3
f3a67a9c112de1c25f95b0efdac37f3532d92602,4
5b8f145bc72b652bb75c2f0753ab2b7daa48bf0b,4
7138641ba992cf8e2f993be1caf9292445408576,4
4cd918febb1f9a11acd050de801832b610e72079,4
f0930f0230eabcc901146820e92271b334f964c5,3
ebdce9f5b4a7ae29c5b24449dbb825f83b6fc6fe,4
1da4ab1b519929f25692249ddd112a76aace2d30,4
9d59f602818358199d9117cbeff922c0e875574e,4
784b1135fec6d7bb42355d7723eee9ec7380673e,4
7d58cfff9dfa80656f82364fec026e300910d9d8,4
37b8851c30dbbc05c8ef16f30b13cc92b2dedde6,4
b2d2a716528c92bacae3df0c991fe914ed9991e9,4
44a5fcb89312f83156814141efa688901f7923e7,4
834cfe1b6a3d3b13daeb07fe3da08eb2bdb17736,4
866fce1879347b64886d2fdb48992ffb14e184c9,4
2e9884f5d5619c3f321d2b646712161b15748742,4
356fe497ba4fd72a0af9dbf9d4724277706b2789,4
65caf509ba34ae0975f84134110cd7719beb37ae,4
32f0213e3f5ad2653b6cf8c2ae33b6c8377e080d,4
b37164cea641457c1bf045b5f61947a0ff8924f5,4
914cba4773c1dc236738094b049df35f7b6ba7e3,4
42837fa06be0fd8cb4f547596f3bc01a7db81283,4
82acc9e4af394f22aa70c5797de2262b4b539b0c,4
d92314468cf62252835ed7f649b311985dfbf6c5,4
4b580c0742fa2d9d26c08c86ff4c03270b96be98,4
5571485505c2556e24f4d9777a39ab792b67071f,4
7f7c8de8a1555030e956496a953e400b68233758,4
2ab41f093d327f65adf820d830d05628a5fbdcbb,4
17149a4ec21fcae1df534900962284ebca1727cb,4
5493d0148b6d20a2d9e5f56737c99857579df429,4
48bda7b8292a29e21d37171409925eb2e7cc4727,4
8dd48e66da5ee20c2ae474b84be7458094f7f773,4
d6cb318abc3ae3e0d61fc50b065f84c31eb85ed1,3
a7ffd376c2dd9c8fb951a1fe721be7c4899b1e7e,3
080c58beba97e7b8f3795b644dd122bc09becbec,3
9f27573936cb9533af47a56b4dd2a76bf24b6765,4
cf479254be33d55e888b4a79b174e794322ecab4,4
31830e4ad53ebce8a87f92a10bcb32e7b43f56a7,3
b1161625fbfe2c2acc96b22d9844adfbfbf7c9b2,3
5a7e4694dacb6d954d5f50ec41f68f2d4730b7e2,3
5259561cc48e202f0c5cd1b3898f93fd33d4aa94,3
bebedf87f13746ed324256e56c841fe4f097e876,4
95d7926892622402037005d28a6781df6519fad8,4
f5f69da38e5d16745a8285ecf8bfce526244436c,4
1622c93f3269c8215ffdea2d263697ab8c685f65,4
cfe419939911a63f8b593622a48c019d5921241b,4
b6ce27726906e058081166649e974a0c925a7c33,4
d5162780b268c33faa3339b5855a04c4317601f4,4
592c381e4c322aecf80015ae59581e5b598cf3e8,4
cc112137c1926b78c994494bce92078a2eacdbad,4
8e206008761304c9ba3fded22060fa4eabab6d4e,4
f534028a6cf3227ce673940bc56d885a7a185024,4
8dfc55943546e2c83466f6336bb27fdafe696d01,4
6c9532d69c3aed25bbf88c0d80309a13b50d0a3f,4
5c0e3c9804a77e931f10ce371a867314c4ef9d79,4
33eef23e7ed775416023bb57d85f87c7d96a246b,4
8561c2a8e6549c95ba40ddbe624a05b35356af20,4
aa4ca31aa419655f079efbc46a99aed9936285ef,4
4012cc2bd71560a8c5abaa1f328755d83dc0004f,4
df5ab55f683e5044bd611081976444922de23823,4
b84ae840561d87952631b0ca02e2effc148dda75,4
b2779e018625c3ca18b36d1af02ee318e4e268ba,4
3b74bff7c7ec7d03689e0755bba6307c50a3efeb,4
644907866cb663b1c7f9c6ab1b7779419491edf6,4
dc9f3c8cd9152dc0ab87a7bafc8c9e539b34de48,4
6bc09e317b5df4a978e3885f6546b709bed96a38,4
4f336a00d1e4a0f31ed6527e5ef51aa53f11f169,4
39362157fdd43fe05210ac44b742fb126ebd782e,4
d1d8c20b85c9d7dc6279811e1cbc411230d5c867,2
ff8e449af42069a8e80e924daef37b2f4c1588ae,2
65fdbf3add820dff3e464869235be1d4b1ce9eaa,2
e7d92f0327def1c000b4472a6b0386db9583db29,3
588b040c52c992b401721de5c9391af2117c028c,3
bfc062156287cfcfaf65431de57f6f767092e9a7,3
2fe1ceb7183b6f604832bab51804f2f3fdc89c15,3
235c26b802e7141d05345f48c45a93eaa6bb0daa,3
66dfacc7ef0b0d4c533503e2b6fd2eccdf7323d9,2
ab5e5c5d4e0c4ca7ea0299306a7b3ddd43220792,2
464ba688519dfb2371481a55d658d45c223d4b2c,2
8b1db3b68f694219b06d9421cc1388760852fa5b,2
33ee2ecf9f849d44ca51109bad7ddf5283a4367a,2
311e0df7a7274934a052ce9a312cba84059edd33,2
f9121479ebab4b419a15679f7097cd3437171a5b,2
85a7373f0265eb886ffc0105d872e3a75a0124e2,2
b52f08d1d92dd6eacc3aa992e88e3fe0ef756b15,2
d3b9837c99622277cc5fab05266afdcbfb67cf33,2
88bc61256a4253242adbe37f5acc10f09aadeb75,2
d018cd68f94389a187f600a0b2f4c21003f8398d,2
96afb4a0bb7dc77dcef013a781555e6e84eff284,2
34cd715cc4578aaa4d504dd48bfe5c40c965ff85,2
6ce7f8a2b1785231fac99e4cdd705fba46899bf5,3
ce5f640307588e2c4a6332c5f99c9dc4ec3ad48c,3
b32bc44a869ddd30a39e76bae009adff803eceb9,3
97cfdb07ded8de109cf3f1b704fa414c495a3a41,3
49174f35f0ad99d1215c4669963b14eab86bdeb7,3
a657bf002d814a9f6d8934c1e4da992a8882faa2,3
399a8855717f810dab34d907c1568aa81d854132,3
5200ba4e70c558e8d23761b7db63700248e50e9e,3
3ad1eecb24d0c7351606a7ef3a31f25b391778e5,3
5b28f5ec413e6dae1c77ab54103e9a6e541ba369,3
e65abcab3fd12dd374ae099af20c53549be91584,3
d311259125131695778a81e2c77e163db1d54238,3
3ffba935d239f7a2ab90946b89a677e7012be886,2
40c044a9f8bfdb9d0456180fd9a9dd5e96207f1a,2
683aee7867f8e0c678e182b0cbc86420c3de5a41,2
f410aa4f9a7e62ebcadc1abe9eedf33793ecc88b,2
da7b85a60049ebbaed306c61998613a74eca8bb5,2
48ee605821fa180487b6f39c6209e4b6ae6d3be7,2
788c55df96d154edbe1e88d979c3e278b9548c86,2
74e95fbcffe409c5f62bb195209ec3ea8226654a,2
06109c411c622022b463529f0d90f348bf7cb8f3,2
32d98c8e3ce476c2332a0eb83dd7ecc5d0c581b2,2
a9d06e7ec6cf2c00c969beca596192a65bccc121,2
05feec62194895ba960bab899f2ee09e54d94fa5,2
46bdd0c647fe8dc0e798baa99e951e474d178de9,2
97f63f02e47d6dab910d58904c8908156c2196ac,2
9bf5114e9d45fe1f854279a874a33b6b78c841ed,2
869adcb560a854c0def5edb9438190d7ef684558,2
b18f9f9d42e6eafc60ed47e5913341306403110b,2
dac9c78087a3c0834774ae9fef8f67e49d74d21c,2
a5813cdf81d262e1b4e49323a7a3dfafe9750243,3
af7af587a3b45e416ceb1df0f26ab2968c6f0dff,3
c623cabfbf6759670fbad61f47da0c6897892dcf,2
d2b6c6cb203adde48569858f3917b8696b8e8c4e,2
119e440077072862018d0f09dd23399424f826a2,2
6e1bf65d0ac3a97d4a875ae96813f846079ca2f9,3
64f16b50bf038991aafa3d86a49fc5d6af0e5552,3
f619f862684cd607e2a9d560030dfb24fb66bcc4,3
2f22f242a5b073c70f799ffa0e1bc9feea77836a,3
ea2a0cdcca7e42f6e48132a89d172403ee7bfec6,3
fa1e03fe2652f526cc9004262897afe7eb6cba80,3
b648bbb6cff807ac25e3ec6a352d839207ddac6e,3
6b23d0adbf89b77ed83fb0b89f74acede6bd9e4d,3
0bb29b6ef1eac8a5e6769b9295bdf999d650a8bd,3
df9198059203417fa504919f8c8bcb8ddc2bfb68,2
2e35811c35742a069c75635b3cd956cf53feb2e2,2
e24e3c55394c6f731764d268a9e40f65e873ce08,2
c9d8894a347c72f475656c4f5973a466ddecec20,3
b09ef5991e7877d4c0132803eb902b6759e14884,3
f17e5347ea93ff4c8f2cef6638d26151e6f6349e,3
d9db203238ceea4394140ad7014147357058afec,2
e3ad3555dac0871637ff55f07a47438bd135194e,2
364ef6ad6116ee4b48a97ff3bc404ed92b469464,2
3834af31ac206cf2e47f68b973c0dae564a81084,2
a2c92892720ff5789f418f2ad56bafe7035cf2e8,2
3c817059cdcf74eecdf1cff2079cdc551e7896ef,3
ef0e6c3de2c147910887bc00ed2fe1da745e505f,3
974dd2af927886666b9b90f6633a9dd45d6fb04b,3
3d60517764e25421c9a06f12cce0eacad1a8553f,3
00b264aa5adc73999464ae81839984384b65fce3,3
cc65e04275bcb7313021cdbb5c50f42efc6a515b,3
9cb4d948d49dfbbbb26fb32a3dd1cc9d438e8edc,3
69e3d6dcbb1093998858d49150a97a3958c3c6db,3
a8de8c46017442fad725f5e72b453b41e58a2377,3
5876c273797811517b7d507143d2bbf3249b69c3,3
6d425ccbaf2bbcf16906f0c71ac1a84f547c2327,3
43c5d2794ea513262f93f894b9b216b77ecfa472,3
ddc3aeae95b545aee9ce0d18aed30f768fda7817,3
82a7d99e0a47a097a0ce7d038ff4af30c2bf5a9b,2
ed7728b1aee854021863dada71636da650df67ca,2
d44d8e4513e9f78df70dd634fe5242a2828ef83d,2
d157324d78e9c2738c042396573eb195295a2938,2
1d5af6c86abef4c9258a9e0f3d980fc81f31eb3f,2
bc8f307f52fac22e951d55eef9cc6343cd92d34b,2
7b411405e31c36116ccea2fe048aaa69841254e7,2
018c3904ad7db0da90aaaa55f296b7cee7c79d2c,2
d4174f61987b6b3493474376dc7e3724e4db15b6,2
ace9ab96fb84acafb7af91675ace0a1a92e84607,2
8f10cbb7a03d708a23e4b8ed8d3bfdd01fc996b3,2
3b0b9d61996213c80087f97aeef446ee5224e081,2
da9497c22cb245c1f1576a30fcbe370e6abcd171,2
426ba52737874d94ba5354f2bd6a854c583c7f18,2
3d8522906df7c57de84a9d43571b5c0bd05cc727,2
2c59c406d47d2e0eb20f5f438237956c45f8b31b,2
c7425deee8bd2ad1071e3ad2e4ac519d924b5db5,2
ef288cae408b5f9527eea9c6965ff89c3b74a366,2
66ff39c3d640addcc8b678b78425e403e07d928d,2
cc8232d393d8c47bdb7b647fc58426baba1bd262,3
cd2907e8ffbb03186d53d8e8a388115d05eed228,3
469d701d26c4950f6c4d72552b098c62c6d70a47,2
bfc2a99410f55476dc2f4b8ae4619499df343ee9,2
3107df2791cd988f404d7614ce592298fbc56957,2
1872aea1e6185bc9ae9d2ca2d89c08cd2e7a7c23,2
4c4f8d193baa3b6e74f578cded5cacc30f574999,2
b5a64548d1abcf7e7774afa6693df05f5d256d14,3
cce947b134740f234773f9318c930199c917f9cd,3
3dfa27c5956f4d4c1dba477b98f734ef91e4be60,3
cc8488a58f27797c08d7e4065b12cf8d741c6e29,3
b7b63ded59985fba90c7e89b454fce50b5d45f64,3
ac25af1f1624a391a67018c094a6b5de76605e34,3
a9cc90a96b9ee016e506f56a2607923beedd0747,3
7d6a0929be4bddb315e6ecf7d7148e300e05b07f,3
f45ffd028fcf3a7ad4ae8e85790b4e2741f2acd4,3
e64a170d43136bdbe4d0ef5078524c9a89d6261c,3
c1b48660101cb9f651952f79be1da25d59a6a646,3
203faef259ced2d927be4bb7432cadff8fd16789,3
89a4466d71ba08355ce4f5686788e51fba37dbbe,3
4ec48c43a36bb2ffb2ea0feec0b96464f8258778,3
98db0f4674214e4e9d4541dc7f939e473d433b8c,3
a54f3e62b5407116d46f81be6f639f7d943476f3,3
1243f37aac417c490ef966bb8b59839f0f145282,3
abb5e7ce2eaa02c56d13310e87c446b9176566eb,2
adbdb5b985072a91545b0a9992b75eb80c4f1b7c,2
a9edc19aa3547741e09f9332818c0924647735f4,2
32609b96387ff193e436db9d9e310f064dcf310d,2
c17590c9b3fb90fbce20ca65637ddad887b6a2a2,2
e352dba2d6134574e552af88872e19f5f7b30e75,2
e8c771a3e0054a0065d6849d3506198d4747442e,2
b96eea76ddb42e1c260095f5db335146781557dd,3
add9a7e39c8abd38d77d32f6a4f38e2a8e8b5766,3
904e39941977419f946ce683354110beaebd403b,3
ecfbfcd8fe6af9b0672d827218e97d1ea63ac206,3
2f8b9fd1bf3bfee4634c40d4981f4995724f817e,3
abb8ae02130d361f8699a3003c220eb59d9952e3,3
9dc1598942471106762d8323f28fbb2d5af168de,3
205d5185bd34df76784543095b3121b8bf39937d,3
0e7a1d0ce1213b7504603c5e2cefc87566f5d859,3
0260ac5ca00c92d1d2e0ab55a4f5767db4efa330,3
3445aa8a68a9491f32390dc3bd070f0ba0f87fa6,3
0fde2163f9d9a001982459a90973022fbd475a40,3
c8e242af3680ecd8088a913a449754ff62f8c03b,3
c8b1b599e5deefb4844d987f0516c519e7cf8690,2
a478898ed5924b455fac84a04c70274dd3c9a17d,2
12b5457a9ab81ccd0b42f1b5a845df8576eac3bd,2
423c3237de5cc317236d02c44d3d0e70f7fa9ee2,2
d8ed16f84cdf4f6b363b539d126e7159b92f6b92,2
8d92d21ff27f63409cd92f3ceef769fd96f21db9,2
f10fb8688f923ae5af8ec3583da1918baa21154f,2
16ca3f65b489a5f1bd762bdeb146bfc3ba634083,2
ba020318a469366230bb013d6082aef907570570,2
28b1adbdac2c23f02954adc0c289401b6c2a5926,2
484c639f3e5252d00d833d69beb464825ad3b4fd,2
e4890a07425b71b47513ac03ca099f9ddaf5e735,2
cd668f14e278ab7b444d46d4d62b6d10c92fdacb,2
6554d5cf28fe359d95a25daec7182f53bd9db17c,2
b6d79a4ef861f6de6f1c4d0cd45a576dc81d1372,2
72d4461bee882a307067faf1a3dc83eb4bf8357a,2
9cdc4f36c4cdab35e85faf27c8e1b541954cb4cd,2
32ff7e77988bb8bb1cc06db78b403bb03843e412,2
3490333729f9c01dfb3a13bdded1a338384a610b,3
80f18d1a65f0a6246fb66953180c076114b6800b,3
b940b3abe4d12c36cd02e484653aafe415a02ed5,3
b24e0e2af47f84ff3dfe8db2374caf7810e2292c,2
bb57c49be1497deb14570ea3f14c627ca222f025,2
cdc45601e3ccf5d62117d00f4f96ea8c794bcfc2,3
7469df7f80cdb758aa1bef7dbdc007cc92ab844d,3
a234c2d54bb4a529fbc0a256a50cadad08c043d6,3
9ab880952279ff941762f6c32465ff7c39d063ae,3
76b8d1a7b51f0bf580b2f7eb8422e27f5ce1e4af,3
7c03649b753ffef413b2a14d71fb6fc56e7e4e37,3
af5c8308263424d7fd6e2b0d64a35f909db5216e,3
73610c4cd650ba8c5e5e67e37cc111fb823a92ba,3
a05211f56825497c61fb1d0c6c51c31e681f6264,3
fe85aedb45ac8a12422ed173390e632b088c33b5,3
8c9275f240566c7b45af50985e752cb5f425fe20,3
cdcad3380ea0026103c19e79269cf88442b326be,3
4bb35eb75c4693654ba0cb9962739582c359317d,3
70774aa24cc4c615dde4e5be850285bbeaf2b765,3
33f3b4cdb0353e922797787d5583cc460b59b955,3
176f0f6eb2206e59c14f5bd1888b248c92d40e32,3
107d804d5a8d8a869f6097603f005ebfa416d0ba,3
ac2aad3300a9059c78b8178fcea9ebeeca13ddda,3
2a45a5405f88b93dae0aa8fa5f5c91874d495502,2
9bd1ae4da6165bb21347b50a701efef26e6670e3,2
1e370022be4068cd1cb792579d17ab55d4087f57,2
d3a34545ed6c1dcdc4e909f035027511cfe703ba,2
ea3d299cd1a1bbf2e8a12be3e62fc9e7d48190f1,2
193a6f110c7282948ce96d6e87a1ca74e708e122,2
2385a616cd5e8f773aec46127f8b632a86a4f0ae,2
9f8e29443d3bb427c04b72aacabb14cfcbfd4806,3
4206d3a44b4c8c2a9cd5bb1e2453e11ad8c005ee,3
cd21d2994deebee0d52e75f2ad0015999f6f9979,3
1cc0a94d4315313d13922e7e2e740514117067f5,3
196055dad684dd0644ae435c24b97361e466fecc,3
b7e4406a72958af8d804578ba0bdf8a7fe067666,3
336d74aedb6976c6a570b2a44d6628af9928b12b,3
24e164c66074eafa14accbad2f8ceacf95076c11,3
6066a895dda3d2d5242ea7ce714efd8c4a90b699,3
b4960c57d6b62e364044890179b58e18c8923090,3
c4e442b1cad8147a47af4b627f9f73966bfe0c12,3
490c7feda5623a5707abf7659c39926d15c1db6b,3
fdb862bc1f49bc7876be2bc441aba56f8af1228a,3
6e63e6a5907581f7f5e8d0f0082041f60ef4c363,3
0c4dc1fa87a8772b76121818c50ecd3eb7d3935c,2
68dbd281f6787f39d97b50bae2597f03e95074dd,2
d79a1203b25181558c3f292d1cd28f61081d9713,3
99315cd569313c7415f89dd1e557488472bd2d19,2
b737acdfab490ce52c7f2fda70c0f8f8173645bf,3
4f486ec7d23db645601ea0d1562416affd1a040d,3
d79a52b17dc7f93da486bd30a44dabb97d488757,2
33ce0e5167861619deb4068f081a76b6827000cb,3
a65984126e14f1eae3c2c0176ee6ce778ee96345,2
90775d4ac2c9d3ff277060b2c8b89cb21193dffe,2
02412f0f5da3f97509fdbc6fc1dab7c4f285bc85,2
024d6536b4e96bfbf49fa2209cb8db8b77a27c46,2
2e9108cc490208c83716e15c50733483ac2c3fc9,2
5b5b38ac01780ca53c43920e5dcbe3ecd84ae8e0,2
44492d96244f3d393726d5ae33c27a760f38f6fa,2
2e2d982c24af4a15bf2313189733ceb3b6c32fc9,2
83bda2e62368c925295603004f4541b3b6049809,2
a29eae7201a3bb14fb1b4b8c11a3e8f8095aa8f7,2
ec8000f39425c507d763da952cbf46bdbc4892f6,2
1d335e5ec361fb2932b2f8ddc6ac4d26773f2905,2
62e4af9999e9abd1f895e0f35c930603bdbab088,2
09f410dc49a714c70d0cf14224d13d44e7a80c19,2
41d30a4c4a2666578ca262e772e0067278eded05,2
1e2eab2149c41956ee0ceb238fa127c15a3fe881,2
61c05b152a5ddea1005a630cf4f062d68f9cb333,3
f7b15dc612ea5c45bbd82b175868196e3d4a49c7,3
cbae5e5824444fac6cd1d372dacf1caea1701e98,3
f6603a2851b6fcd9337112cdca14dc687e28527a,3
5873e71b3d691da973d9076748aa4c12d54cc55f,3
45689527dbd99bdba82a0075a47bcc68c74c258b,3
66e99e715a629e45187e4da6d97244963890180e,3
e4a6cbb78d996baff8ebcbf19b57dfdf6a3ccb9a,3
2c3de37e04be56d1b15835ab165a092e79efc85d,3
8fd23cf07a8499f91a6a07d92d5ff4dd06f9b79b,2
53aa44cccdcf7f997e4215e10c9f4b9583e4a4e4,2
78c92fb1b627124a1e005c0dc99e2cf4a33b7944,2
12a64b432f3f028533ae048caba796c46041833a,2
a7c415eb94d7daa25e31e8f50afc21c38ffcf2fb,2
764d64377d6b9c5c58b1de2b87a06541b6d0f17f,2
be31d0720887a66a9e01b67caaa1725a49ee15ad,2
4c3951ece8e7b76508cd6d7f7cda6c24725474f9,2
aa10209aa0911d9f2cbc346b44a536cd3c610491,2
fabd0a032d0ebd3bf68baa33cb1b00b0aa8815b6,2
0dc4287c412a8dc9305892dbbfcf480d15751417,2
80619ff1df9544a48544789d1224d1bea88b7a7a,2
bc604fe5e0267a7c93a586a51df11dff8ef45b29,2
499a38e211743cf1e30b124fbe653727d58b05db,2
c5f072240227e47bc669cf1212a1d3c62b4135bb,2
749639448307ff3bd37bfc569d0027163513e882,2
ed741f66de2de7063d10a57437fc386447eb9287,3
057f9523d682e1ba0bca1376cc17faaf03ba864a,3
aea0ab41da58d8d28805d50801f21bbff690b52a,3
ae047ac1edb25a90ee14db336bf968a24c25bca7,3
7c6c1021ba82d5b5b058443c2ce5945125eeb076,3
68fcff2517ebcd3d814010157282cc397fe19cd5,3
654234950e34adc0af208ed998ebbe37ba590350,3
cf09a5ac280aa928730fb19b41a5fb4811a2acad,3
6167e5ad65a597ee04389de0408ea7a4a1fcfc4b,3
76a2a66755d3019fb2f27aff22f7b880d6f384e6,3
8950c8ca318b5dd077acc1dce9bd4486a2ef3bf1,3
4e75300d77711d2ec9ad46567198e08bbf264dd3,3
9f9357b139acf3545e92c732844630629331447c,3
46190ee3e881fc929ad4e09f62d3d3a7722c1caf,3
d6d124d66a9f05ad9c4e1ab6eab0a3572af4bee7,3
259daab394c5a2851bb36d0d048f7a5b406120c9,3
eeb4cb30769d01f004a302f2ba518189637b5682,3
e2c8c83ed687d16144dda0f708ea00adc99713c9,3
a2656c0929b93c51644ab0328405d34cf1e8a6fb,2
933a72b8556ecdeca897820643f53413da53a991,2
91fe8210df6a6e2fef56d2f840b89bfa8bbd8628,2
b0a146a73b821445638120678041cb868f528eb4,2
36bec64047f99c9205f31e00e6dafde5482a83be,2
85e19a4d48ca4df2b87619959e35722a76759e77,2
9a1df1aa2a467ca2de688a39568649ab22920bcb,2
98b1832839677f337d44b08dc23c0585f483f90f,2
25bc8b6467f777e6f05930fe4ab987f751357344,2
6fd72ff2ad0e4c1b1b3d25a078007a7298d6ba7f,2
74262e678fd4aba176e33f4250dced8ab42f752c,2
309b01647f3111e77f52aaeb176ddd07a9739e71,2
a1b0d446d756477abad0fa6b7f3bf359d8d2c9ba,2
f4962db30190e1c36e6c96e664f16470011273ad,2
a00e2e9a81dad4e88ec2211cd9b664759df71cd6,2
55f35a927e5ac70ecdbad8924e18a47d4a67ce0d,2
1b77db53441695d640707112b5c22bb17aefeace,2
3aac30cc5aa4c76b63cb171cc57f55970c698b48,3
2f799f958126c8a930b17a1c0be247b8cbd767d3,3
72095ebff10b3e1626fe96bcc74a5b316b1b87de,3
463511a688490be426b716af51831aeeb710b1c1,3
b5118cbb7a2b5e4b09d92e50bea1cf42473bab5f,3
8e9016d3330abfb6e18be53b51511cf831b96293,3
bca30d50c7a50d56ecc0e8b45c2c025564139894,3
3ad6adf49fc654c28c35ecfb145e21e9d663e310,3
c136a1df2561a803309870b62d64109e8574cc10,2
82f6fc7f30f1e0029d8ea8c420e7562fd2b3bade,2
9a5f5cf48ecf772c9d96803320224afbfd5b2b5a,2
60de15488e154623dbcc366c534f7edeea156863,3
e34f17711e89d8c74b97c6e1eeac91d479428d43,3
fdac6e627086be429e4677ccf1d6981a857a8fd8,2
ceb4663672ec437c735bc535298dd3a02702ee17,2
1a1c8c60ea81293849613fda7450bc161cbd568b,2
4a2c4dc4de1d6d8c3c20558313f8e26ec197f49e,2
3ee4a3d21593bf473e12507b79118931e2370c52,2
b68e2d862c9edd985b8665a19c6e8b0f90254bc0,2
0424c82a2ee2a49e6f6069af432f5482b6dc9213,2
a63477c4444dcf61a237af7487064042908872fb,2
bb3977962b71a79a183d162d178d400a9d484638,2
b40eb4ff898306f75810ffd1a9451b4ea12eeb06,2
3c53532cd4edb677c99667e9581c1abc60f5026c,2
f4cde17c2434231c79b0be54f33acea11fec8574,2
241bd811f8aa4637d128bda185ff3421f8bfc73a,2
fae9d3291861c808f7a37fe013d8e46c6aa3a583,2
2b1ffcbfcdec6b99a289c6df409eceb8b459fefb,2
8d456641df36ae077941cfbbfb6200e705ad5fcc,3
9a8b1db218f3f5d10620f8bfdc686058dc96c485,3
12f0e27af84c0733af22dd2116dbaaee794ffbc4,3
f71029c1e59bda7558f5983cefeb545f05f4841f,3
91c4d662b7054718031d4d2518c41dae362d787d,3
70722aa88d601c53069dc41f5630bed83bd624f7,3
7cc593e99b8af037f7192abc7e6a77d5d608238a,3
b7c6a41685b16e0ddd640e4aed475c2e46e54fb8,3
e0f7be2965e5d807eb39d7a1a6eb95060453a7f2,3
d44a880e28ce149cd149b0ffabadb3541f2d6aaa,3
ffe8a24ad8807439fd530536eae7a7507069dcf8,3
1c9e95ac6ca7d5b916c2129f7336e1ab3b5a2b8f,3
c0f48f16ea04fcccc261d0629663820e322f0dce,3
ae54e8b0110557b983f440990b67e63ae0feef43,3
cbf0b9ea35f4722231ab6c73da0f38bea9e2a8c6,3
1806e4e762f2ee954d6899792ec1e36ec3c3270c,3
af062c15c67e2add2447412308563b634633f575,3
23e18769c84085202a0c18391566a32ef184b182,3
f50794f6151695c5523f692011336991c6d89316,2
06c74c90eb9be19c8d0484a052540cb5c678e727,2
90d542ab18858ea61f55ac793a6da723d0fa7a52,2
8d341084c62ec27217b0ce142a012c0153e4cefb,3
b5944ba338cfece1607faf5e87772d7ebb012966,3
9f7bcbffb49080bee123d7553c3bad6343f1b9af,3
061f6839855aae5e594e5854fa0e89eb3dcb6497,3
69d2bf8a4f3935112ff7e3c6c5cfb8d0590145bc,3
26b270fb99e9925afef32682fce0e86622b03044,3
ed791898b856488b4be8749ae37d099507235dc2,3
05d53aeb45736ae6f70a6c806614443538975fea,3
873833fb71440ef8764079cc898b797b2137a583,3
892f591bece58399e66d7274a2f5928846d7c57a,3
c02252b356030724e82540387f9ef5480c52926f,3
31688e42fffd8d555319bd2bd0dce939d028d2e0,3
fb131fc99a9b410352f03b6e9b1369e2cd084d79,3
74d80a33bcb15afd7f10dd765c16d86cdb2ea167,3
116328f4b9ae357dd787c87b6c16acd98baf569f,3
c8228f05272c31eda6c1e3f7bb8859c4f2980c25,3
8373edaeedfee5c9fddf69b335912e5c9d6d54d6,3
4d51b37408b52ff69d0f6e68741ac7791cc5e1f4,3
fd9a36f95ac7de572bb54821a68a1958ad24c5bd,3
f1897c8570401467a08e5511af19b939948e02a1,2
67c2046fb0a4dd6f92ad71c6682e8df3b0c59706,3
105cd2dba2366469447eea23ec334e88126d901d,3
a3c7bab303156aa0bcf39c32997ca2ebdf7abe0a,3
296b23ff2ce637fc59d514335cde808c78d95a15,3
5e3e80c6410c0e761497f2c1544d55d07b8acbfd,3
d85122709102a18c991f2976655d411252645839,3
f942eaf1e23c68237d809b5eea87c2ed0e2a607d,3
df407d9e29f3f48547b1bd5860fddf56a8ef2df4,3
7806382ec0c985b525661640eec2f4b034b29400,3
62715e9b8ea753417ca5ade28d26625a392ed08e,3
10f0108817e52ae47a8266a63ff202ad6009eae7,3
3280cc0e0610a1adef7c8845c4e23e47a3ffa4cc,3
e7e3632a904e26ee65c576b6b0bd50ad01b2fd65,3
fa648b3e91a67c77ad2de10445f7be4b994566b8,3
7601fa21796b90de4201732969e7ab8fc300dbb0,3
c67b41c9691929f16eaa183ab8a5778cd3ad41ad,3
3f63234674cb9d1ef51290cd9a61bf6de2b88caf,3
623efc409768dbea893e24167bc0ab0555bda713,3
95e4916c19c092422dca9288295c25fcadf20c7d,3
0bc603ec8acb9f3f58984f68bd0442b2958a61dd,3
19f7773787cc9d3c1740fd264d40a3facfb9c0fe,3
b30d70d289253026a5b6b164844b849fe49bffb4,3
ffede685334e607b9847e122478be363a20dc186,3
cee396da2c9a2d8773a96ebfa5c5857c214b56e6,3
223f6cc4471d12e6f33d7e6d674f21ac5c09fe9c,3
ec8e4deeee160e56ebc755d8b598d30c22bdeb02,3
1f695129b9b872055d7618ce3fccd3d319a30132,3
e2c674aa20ef94269e256327eb5cc64927d27afb,3
1283c5c72e12c1f3c9d5a46414d46cd6ecd48be7,3
e3d82f79b840b1c824eb0365d6c8e15c7a871ab1,3
d47b57d911c5b3203772d5822e866e344474b5ce,3
390eb83645ef5f5adfdd869818cfd3bb09e7aef1,3
57109dd8f75204efc3c754a6659541c06ce99e10,3
86fed317e1f66867efd8f6c9d2b7a7037f8bb02b,2
0a506489eb2b9855176df39d1477f6f8266598b3,2
de2652c83d80a208cb61a277636e5c95deb0c27a,3
754f26b14b1cfb985f0b715a0cceaced3c69cafb,3
a0a29c197476464628928a22ac493223525f812e,3
39d02d96a343749f73d5a5976b88251a7750324a,3
7c57610645992aa8fa19c53129d329b8ab6c3cf1,3
b4e80bed2eb38092b703e121e3f5e20a5ba8ee99,3
2ae35ab91b85f2e37882ee74b54a2f6a3b8272b6,3
0d3d1ab8b6dad4147d0261381f4ba551437144f2,3
70bc3b0c5785280f630735964926aa049e738154,3
d0bd88d5350c7155daddba56a58c8e231d735751,3
32ea75c93681390eb7cdd8c3875c5a1c16a3ea99,3
21b08df82820c6e6174efbd49b5e999a91db4dbd,3
e3b338a052e7c20136bbce02d010df3abee39a95,3
47c1368f21152fef03e6f6dc65dcc12ffef4fcba,3
3f69e21f594b6d8ab8871082be3a542ed5504a75,3
b54c7f28f18f071a1db17fea1cc7ca75256f2a07,3
7df21017d93039593e9952cd9f69366ae8968b7f,3
3105a25a94f3d7a22a545e2b8e0b065ced62a605,3
69294bc8171f6e4806e0719bc105140f0e6bda73,3
acaf5e90b866c035f4c0c9a22f4abc5020107340,3
d47e25e55b3df7a24310fc94de0de3ea6af3b32c,3
23c1b18591232c7a696bef2b680001e22d5fefcb,3
37bef700c0d3d8cac1d4fbf60e536c998f6b4290,3
99f0b4b3ec8eec7d7387c4a64b4e41d24df0f864,3
cdaf5d3fea6c0c3f8b4ad727009c255187c261bd,3
8888e0ed9214994be2e8c503e22676c14a4f2698,3
a89a111d6fdfafc648fa517ee9647fa1260bb03d,3
8a2f19b9e500e5b39a6c8a15fea3a156fad33814,3
8dbcd2fc2b92b075af3c8ac6f50be06d8247799f,3
3038e14219ccb1e8bd9677f6ca91fd93713ed54e,3
d9f4797830d43c2fd56c4af71df8304ee8829866,3
58cf2b323217be23ae06fa2355c0bd8fc3281a70,3
fb10acaac7bb5e97ef405293c95fbb9c81796846,3
8f6e35151c1bc1e44f3f240c210ada3a4632e424,3
c56735de2ff661f7179debde38867cf8105c393c,3
57539dd1f9ce1ebf5dbf14180bdb99f73f2f0a6f,3
08fa2301ba5b4bec2c27635c1a637d9c147ec393,3
882758f7148e3b9e5924c502609ab1734d53085f,3
c1b146cdde817803bdd4cd359366792f95981af8,3
4cf50e8d5ed9a19d19ebe4b1a3de558c6b126cdb,3
4cc3a0f73d5748a9d5ba77d072d085beeef56ade,3
c2e5dadd3e46fcc1b6277c633378f54f6515c0c7,3
6ee8e0b67ee1a18a40671650ef745c23bedccfc3,3
cb5757682d89f9890f4b1089bba06322907b3b2d,3
4ee485d3c249d3e32f128150011f3bcd813c16e7,2
5e952747aa37a250d2390d89e373f80fd80ff9b8,2
8b47ec5c3761958db1e68d902bd5972bfa71a15c,2
9dbeca0016d62920515f87c97727e272c836f3e7,2
1302b15ac1c2a17b8c9c47bd387db0e44e9324d9,2
135e230c1645fb670582a8a07f2898ea95c26c4b,3
bd34839dc69e1aeea74a67a9859e197d532a4f5f,3
aaf9530fd068507ae82cbb2f20156f03be4a4f2d,3
c094d02703b5cedf219a0ae358e03f35306e4f58,3
6ba1a5a88d629ba79eb3c4c623d7e6825bdda183,3
d507974e144df0e87cd361d35d406ce4bfded94d,2
cc1ec650e2de4d7a69e0207523a1d8b2686538e3,2
5a02b4c34f6317c88210dba8bece7b303062478b,2
93139a204a11fcf15fc3d7b29920ccccf53cfdb4,3
b3539d0d28d91a94b5a5f8e16dd31b8287cbe43f,2
af3db7ba960811d10a1b9dfacb95a47b942c0c1d,2
f21c1b6395c77573e458aac4ddadf5bbd8e4bc49,2
df2d4586918c3a9cb109d1d1d863fbfd8b4a17ab,2
3cfbf59ed8662bf78b69a036c23685ea16d1685e,2
7076301a8f355083597fb5fbda70e67e53055881,2
ad6de706f981360b1d8d551320fce467717cf080,2
cb60be990adb64c97e4f7ef9e7efe58fb1fdc821,2
0c82ca9480ba52cc5ce052f3219f834c9e75b903,2
bc1016cc388835050d88966b81ae27383620529a,2
100a53ad5b39299b3c5dbfe725a92715c2f92679,2
70857c5cdec124f790e888d11927548244b5e520,3
159ca53a84c5c5aafed54291cde848f18a6030e3,3
3beae0af55b0248ca75fc847cec40cb8cb1212d5,3
40f68272eb76e7ecc2054ba305f5c0e80337985e,3
a2d9a3693fcf1e9325169cd06e67387eb3334898,3
2913839a5b1dc8ac4e90d025b4208ccca35d45b6,3
a40f2ccf6a5a8a68c9e02bfaf89045c56db3e5ae,6
f35b47ab5a34aa287a7243e7d0fb8bbea050b66a,7
e352c16e3b5e42721ecff7ed5430368485cbe4a6,7
2d0364094fd60426ee2753a95f7f33adf20e029d,7
2bd1451f6a9470a913fa2ca2b20c2a661beed01f,7
558722e4f774bca1f58b44f362124b389497fc37,7
e600d62c66dcca62746e543ea0dd7726d79fb72b,7
199a2119ee40c360cfb97bd212be693a03bd232d,7
352969e94d0f3da9ac3a58615b6cdd07823feb0f,7
50cb86671e00868ebfcee845f6cd2bd94e2cbf66,7
7b60e045c7d0b29fed79268de3cbfa5358772333,7
cf80b3fcbe6b66867982a25b2b2105025b2bd5c0,6
bd27218fba9c241121795c47f1b53021b11268e7,7
f70eba91f47333a2418ec31d9303614c396a4f4d,7
c08a87e909ab5bd0f9f8d10ea952aa80ae104014,7
07051be57fb588de8825bb90303a29dc559d32dd,8
5a53febe0c4cdcb691d189ef265697815811eb3d,7
515871ccc8b175eafa801bc9735ca0afc79160e1,7
3a8ff46070ad4f515f14f517f6b7b1847141db47,7
cc2abb1303271d3b8ecff7c3155a9ed29b1663f0,7
fa1a2dcb50bbeea3308fe73f95eac2229d5ffa37,8
38dc9b5100b7860005ceedd1186b8316c7603a37,8
bc94dbbeaa6c1056e193e487fd1ae8a4e76956c2,7
dfc353004d76a3e3d29b290ff5acd6ae74e081fe,6
1cb2318c664349ec5fda678ed77feaf27fa45d4a,6
9334626c42c79cfe3be1231031843bc52e6a18bf,7
2bcf5da8a4ea2c1fdb20b7d3a0d7ad15d7a36aff,7
45691448a4feb0355ee6503fcebb226362e5bfa2,7
a584d4bffba244c7daa6b821c6bf21cc03621d03,7
d93c0350d83868862e352543af545cbf759ab836,6
1d921d881c1bc3909cabcee98e388ff89c5981d0,6
357f44c72aa0a6be90229c186f4584d386249bc4,5
881e3e5524ca6572bc0a100509bd9bfbfaba05ef,5
95297d596c3d0b7853ccd633461e55d1e90b72eb,6
6f43b2736eab8b32befbae9cb05372be7b517297,7
5e9ff47479a2ad53ce6cf40a086ffb13bc4b7952,6
67a481405943a918b554518cbd92acfb6453a795,6
e8d2c2d1317ca56f9f1ec78c0055152f6b04d807,5
b4dc9960c1641824e1d5f78ff1b09a8a186435f6,6
3a5e64001b6a905d9059b44b594db168e20619b2,7
aaa9458b1551d00eb46436bf5bba970bec0873f3,7
61b6bc2ec5e64d99bf2f65459e1fa7108fa79f0b,6
f889e0a17d1e103d4483ab7050711843c17b1dd4,6
92e47fef1829a3b982b3c2960b77bfa2f9ebac45,5
dab308fa5e4c49deee3efa6263129ce06a184d15,5
294b803811bcb02f6f9fb8e2045d8fb8f919b4b2,6
f185742259cdb12aa08d2cc9d23e01565b7e8b2a,6
da25ef611be34089f377a425d9889b510ebfb969,6
8a9b69d93acbdbab20dbd9df89c00a12eabb0fd9,7
ee808b063af6b43ae37830a3c7ec9addbd64e245,6
061a97855211d7adba64284ed6852190bda139f4,6
6822f4b8959e53871818841cb1a4226f04e9aa85,6
150bba4f8dd9a9ea2aa8c536739daa7cd965b07e,7
cecf689e20aed3fd96fd5e3754fe98cbcf121e26,7
389151c99f574077cf9b1489f96bf323192a4f3c,7
e26395523ccea3374cb9bbcdf0109617d8f6d5e5,7
89bbe4c3f981c53963086906b52a9f7720d78a88,6
61620cb2703bd8c5f48833e82c9559cd2d9f714e,5
b93ceffec90c31dfea320e8aac4d2b4096f832ae,5
cc71432468bcafa6f651978eff8f4689f217e858,6
ebf684c1c312c6612f8b081737434df68e16d19e,6
1dd7a89bc6efd68158c5b23d169ae5e5c1bf2ba5,6
ac314c1bf37fca74b1385530938b49b134350fb9,6
4784ca940100423f59c243a6dcb858fb9be0bedc,6
5363a2ef4a13220d3412cbddcc4a84fb3ad53f74,6
6bb6019372c21e216ac7e910fe3a261ad324c0f5,6
22423d3ef46076e23f937a6f983f8232269efe40,6
23965aca34320e88cd92d85da75ad1e0e6f78686,6
daad12a24277882590311606dece7d42fc1110e2,5
8ef4e74cf0c3c8a796c70eb221c79d1baf40dca0,5
46e2012cbac3ddcb62087881d79898b6d4656266,5
085e3e624bdf16f5c4adf878b1a6e7ce60402dda,6
b058c9fb0b0ec16daf35f8562a61b84822523780,6
13934428efb927ba3a4af23c30d8905615f2e2f1,6
208b9bbcc58bc6b3978a2c4410bd51f00d3d0680,5
5fd8c1b1da579650ba2142981036a412d4a2ba54,5
8986373e8ff7777c1482a3d1f4805a84a111a4fd,6
a2f2fa4ba42999f2e96075eab3c6c4b2bc60c363,6
7cdc02d25d0d38dc28fdac78a23151edbc4e2519,6
8f61be1a9db79c8a7945a939e004e3fa7ac04bab,5
784958480dcf31f7eadb8c33ea0252f73f8794e0,5
5a47cad4b05f77c0b54869f3a8fcaec1c503016e,5
2eca88932a9781ef8550efc3f129221288d5827c,6
006df5adaafb1657e75789129b11a9174c228b05,6
be70ce5eaafa8aef4394e03a34d45377ad67d54e,6
69a9358b9a62c053c19edfb16d48325229d79cf9,5
81ed5043d4819240c2d2a5ed0f6f7bc800b4070a,5
2a5ca37da86b1c2fa02f7ac9787ecad06c590ebf,5
89c02acc2396e8e999c76c24f0e9ac2f03766106,5
0dade2c4e2d49102b24e4ed39e9272b79e551f81,5
87c38929a3f3acb26e6da389777ae51fffc3ad7a,6
c6d21ea64850a83067e933bb8f87af90b30f6be1,6
4c441132bda4f9e4e6f4a206323b1aa54e59ed6f,6
4a921334c65c3c893e07d3f3b6868318be5badbc,6
cf8938d152c914f0d0a7c082334acbe8870d2368,5
3a246ae5a3c6992a41028e4b7e30c722b590c4aa,6
57f9ab5d5318ee0b349b92232ca784f683521b27,7
19625865869f8a58d9bffd9d6bef167701e05949,7
6389fcb7eeb18fdf87cb4a632f6b241969342146,7
0c8f1bae98b8224e01c8186040ccae4732faf430,7
93923a453f59b4ded10599643849602de179662c,6
7112429e50b0057ee02dc26eeea68f75747c7048,6
eb6c60e1a0e48dc61c98b9af7f42615432f62b61,6
14fdde74562778c37d747db6cbb3ba23a4a49a39,6
841fb586de2cd503e9902591b1043d32b10f52f3,7
6d6d9dab97b327390bcdda51c01aad4479b113ad,7
4aa989d9ec58c00701833bdcf5d4de0d4b09e244,7
8cae1b979e67d9caa570d69bf5495ed91017eb26,7
ade5293f17245824522c22519c50eeb82d1c8ee1,6
9fd4cc5c7284c2b6ac8b53924fcbf46465c7c52f,7
7c8d3fc3d5716b607c8ed67c21274f605d3b3c01,7
20a59a3b85c3ae1454e11faf32b18e9e569952e7,7
4ac71fa1bcc81792470c10bce8f4e2c0ae14ef41,7
f8ddfc3a381dd71711bef548f16c3f44eb0085d3,7
42ae76c5700e399a1b7f9edd1e8c45896cfb34de,5
ace3dd66324110e32a1b1f8c3d055194223493d3,5
ced375d732142c8f9115bd5d4220769845aa0dc7,5
0a91d282fc927a28b9ccbe35e3fec331a7e0f8ff,6
f2a293ab6d0baf4cfb075e280f1a58db6d673281,6
1d8ce0e9453554d8b7898653fd5d945a607d2e3a,6
5ce38fad3a4851ac8793d7dec3bf8552800d7fb2,6
57954580e9670356b27fb2e81d8f6467a4bb66f3,6
0dda74801e514e2d9095374e62b32782b5861863,6
27791712c86ada60f8defe5f06a13db82d56223c,7
1917b00445d537acc084dab468bf1f55a1335e97,7
23c2f0b3c46174d51f020a7f2a3ca373726fdfa1,7
59c3ba0d6b074f06c502db751819f019738273dd,7
44cd238bd17fb7037d8a7454dfd66c5b7b214139,6
5d401bc3bb569990c654db9dfa5a9f69bee60171,6
8e0235fa46b2d8779b01c4498468f8bcd3f012d6,6
f830690e9719ce8c70eeea8319c34592ef8322b9,6
d5488b129307cbc1dda5bf84b1542773862e1296,6
c852087da620388653f9b2563f96adc69ead8117,7
6031cff86a192d9e5ca1d1ad8e3650f64e0e051d,7
815b9d13bed7adddd8499e439a24df6e7cff2666,7
8788d267bdce9b309f9441455e9c87db49e23c75,6
7590a961d4c8a53d6b4b0d476f964cf160cf8205,6
ce788c09c139ed365cbde92490e5902900ddf9a1,7
84ebd602ca924c301178878103d81723ab13a5ab,8
dbba8d95a075a77a97c78ae4c223f7b5486d6e85,7
705d9dc7b96338fc24078f2fb59e3049568ec6e5,7
3b4182fb681e426a47c2c66fdb3ab03feb114e14,7
1e8aca6ad3f4f6ad189bb1627f0ff212b927f220,7
885dffbb7da463a7fc49a00a30b1748118c94f5a,7
39aa0651680e12f1b5be8279fc91ed187ce5b826,8
1027cb1627f1e31953920a64a69cd664de5a44e6,8
281b8eb111e035d60ee755a8e472ea1a40841ecc,8
307234e0a06c82d1643626d62eaf57d7dfc58ea3,7
b48d53e39246dc046708548702ac74d802d9dba3,7
fdf2367dc85e60e125da016b9011db736fd311c7,6
536e92c08e527ef81b899d758f6f9cdbee79224d,6
99ccbcc729c4d40509f13cc97dfdc372698c296c,6
3508dbcbc26424d0ee1bb7c10c314e63d41327ee,7
3057b8ecc0a2d27ce45f22f12733c89663fd1d63,7
55b97d28e342acd7ad41cd1ebe12c2ba417760f3,7
97b50a5374ae496f5205389620143ce1a611d0a6,7
9966ea0747da2967fa5db2efa54b9a26b3fb5af9,6
efd331678bfeeeb9b8bde498728a4f70d0dce302,6
1f82c1de200ca7ba1e6790915b992e5b058c50b0,7
b48a7fc3bdbe89241baefb9f1e71be8cdc5cb1e5,7
2f10686dbb38da53b28651dd32910d08da16ab4b,7
dc898aad3c3d0d178595c5fcf22b5169595a8e6e,5
0fd4c65bc9ab24f7512b343a3ddd0c31ee2f1b4a,5
74446a8eeb30ceb115f925a2408c91d46956c000,5
e43ebab3772b509e8f5e76878d6efd096c520ebb,6
503316622074cdb70c48f4d663de9b7084142184,6
8e6c66172d52c6b195b8a37edce3bc4b1f8fa5ad,7
caf8c93b00a68a17f6297dc8a2c38b48c2890183,7
1ec8945bd0c34bf9099cc7204118c3144f450359,7
fa067df97e12f40946b3f05131b057c9bab8ce8b,7
01df18b61a055bd60f93748ffe23f8f6afc9e16a,7
96a7315ca07dbca6061e614dd9400d3069249159,7
903968b1d6ea6a63f03ac37a924a5fb188263ee1,8
d128687b8330c7ddd66887424dee662057b58c69,8
7ed3e43a0d6520a4589f93adf8f299367cdc2133,8
c3d8c6ecc0ad990e7eebeb344b2ad1e4743a613b,8
00b7b09def3dd0b1a7fc2427f849a2b004de4dde,7
8225d435b5f003be4b7b48e9b3afe3b16c501192,7
d27dad40e7bc37dbdb9786f5d8f6e0be8fb3e2f5,7
d0ea8ca0e91bb0d5fe092c3f7adb3ddeb95ac2e6,7
44df7bf0af136534e4abde00749ac53634492542,8
e5ccff80748a17f0cdccb700e2dcf49109315bf2,8
a83b026fdafc0f6cff5514482cbaafa124dd2f33,8
c1177082c65adba2819ca5bb3a28d24d8b1ec11e,8
bd5a3d91f7cb4b72e2e4280a77dc4313be6fca55,8
345b54cf14e48c7d15e4f1b9c9c51aec991dc1bd,9
11215b016d27b3e1c9fd6de4feba00819f80ea9f,8
1253c3ce25a3c5508d72933933630ac780a30907,8
787221dfa8ca1b4cfec73510ae0d026ded8970ae,8
27d596520cbbf8458e76ce04f58571729795b7b6,8
724aeb594588d00528a467ce4182cc0b2deda4e5,7
5dd5dcfd1d98b89b43b286c1f39fd9c5985373c7,7
c7431e6ccd2fb36f3bdf6eb1ac8819336015ae7a,7
78750ca74e743099465b169be3ea14ed1e5c25bd,7
98139d4d536d6c20acbd52af3fca641369afdf12,8
4e28f28d4184b7e77971d563c5ef85660aecbb04,7
f5b57f6f82b43c6143a5fff2c809c780f5b4a3d9,7
cca3542551778cefa6b666e64a62f59be37a75ee,7
82078eb5fa8403d90bc9a4ade6194de4108533b1,7
598b2a9b8c21de9936908d8e0fc58d66d19a35a3,8
703010c8dd8ea51c82d33dfccb01e3a702069300,8
5071f7d65f7398677ac0db9b9aa7e8a258e3f26f,7
810d6f0542d4c6494fea347b6e4e02d569f4c612,7
9fd7092e51015ea72ea6361a3d31762113b49e22,7
22257e19172d93e5f9e9c238f1f2375cb40aa2b9,7
b93f093adbf830b52c50034410a01e351dc23e37,8
de9fec134b9275f652496a7f708a38d40c2bcee7,8
c384c2302c022152116fe287ee1dbd9b7e618cef,8
bdc33e7b3006a2d7ee023cb111a067becfb100b3,7
241fa349630d1fe80cb944c2a884c271760c8881,7
423899c3e573636fe0342e84bc17f6de5de82379,7
4e55253273e7019df2a10e0755077074d209c4b2,7
57544d042c79d43e35182892778f7bcd29a7cfd4,7
d160aee0c1c13c72159f256111a6ba4346525a5d,8
e1b126d52e8fea6eadc428bbca2e3b485f429958,8
618c374c070202ec9f42475b785e8cf059543ec5,8
21e795fdbac9894a26ed55c1b16db819261dc1bd,7
ec6722333b93071a6ca63d3a22a0d12304f6144f,7
2807c8a1c8c203241b2ba1911f756469607f2857,7
aa6030e98c758c534b4fb81717de681439648c65,7
61c4dead277be63749a1f89024d491fbb81fed64,8
136605c58625f40078382cd713a82c8c555827ef,8
23dbe417c7a91005b79ef613fc08ef965d6c5596,6
0a147d24b3e5cc0e970a7922d0b9976a05ebebe7,6
221a836db0fbca9b450547226c4179749ce7201b,6
ce70838791ba25e499398184e111970b625ba461,7
0c5bde1f4754b03d3ffd6da8d310009d483bb647,7
6b9b95e25ecede96cc17861036436ac330769395,7
4d234a5c86b07f34cfc84f193f958148d0a34275,8
9ade570c7e906ee4ce336f9eec9e415b43a57739,8
da60a07f8a7e2f9f1780227310319e8b8e153781,8
3ef7dc66a9dab1ef658a1bb35d255b31faaf7151,7
1d283dbdf9a2bfd3c50a3b8537fcfbac7c884abd,7
d0dd5247b28f6b33dd4052930d54a0007daab671,8
40b0221fb07419872009fc636fea7af09e867a07,8
7d3ed56f410d9826a60d840cc34980bf8d73d213,8
a66e8d560fc085708775d6796bf43c560aa7afa4,6
40f991b9838449dc756f6fdc57142467fbe047ca,5
9c87a3f79eddcbcdcd0fd10a9bd2efea6d49e078,5
23738dca3dcfaa9fa43905c4ee40849d25154604,5
b11674854078c0ebedbc5827136f89680687134a,5
6f8809221aabef8e02a92b272a68d494f69c135d,5
c3ed6dacc80981d7dfe94485b52bd614306111db,5
5e3daa3201e2895d9cbfaeed4ce5bedfb6d0cbb4,5
f316e66045f5d9a828d8b43a1b657db3fd3a2d72,5
ac23511afb0ef18e08cf58c2f09d7e43125b3c0e,5
cb4f59ffc5b389e133f412512eca512e5c684076,5
0e0116620056b8b158b8c96effb627ac88904c70,6
a13e340f325527d974b6ee8f402df13ebd3cb234,6
f88914d42f2c196937d3c815d8e2a4bf39d5c520,6
bd61fe81b232066554bbdbe13b144b28b6833377,5
11768422e2db01508d91c09714d2f75f199ff7c2,5
af1eae61c1a6680cb3d476d5b94eea05cb32d3f4,5
39450c0dcf98685c2fe80a711aed29baa5955121,5
61da4c7f9e6939c4eb3a2e94c40fa40a2c0ef2c6,5
7722cb812f7567ec113d0eb781e6591800fde881,5
6baae566280e211ced43c6b0a81a69e7a8f9da7c,5
13716dc6d38d71e18850c8d6997c5180ed348ff9,5
9fd5069eee86a9870d8aff8994bb7182c00738db,5
f32eaaf0b8bf87954daa547e46efd38c59501c2c,5
1f5e1330a740e94dd9b629cea5db700c474221e4,5
11a8b568e085073505e5c635ce5a4bfc3ab2fab1,5
373492f0430e1401af29e06c03425766154699e1,5
4a5e0ae602ab92bba1505cb8288127fcb68cbdd8,5
9533c98c887d6c035e6488e00b867baaf15b67c6,5
6bca68cbf733cf936bdd9587e01e0feed631557c,5
c0fc3307c94cc4d7143db1187dd43676a2dfc3d5,5
847d879c11ecf08edf35aa13ab59cb1bbb5076ff,5
53a93057b483a89d86362ca711c84b093a9f4856,5
ae5134fa515d86a49c0a3a8e5e9d6cdf0647987e,5
d18a8b5b7c0f6f8385f28fd1a5b0f55632037324,4
121c795b52d066a82eb43691888270505e133fb8,4
ce88ef5fa5a4fe4b42c88b514e0f8b0371177133,4
5e014f75f4c782c444f1ed13852f282ae269fdd2,5
c1bff1ec7401b040fcdd160fa1d0324fb8d63fe4,5
a66a13f35fd61beb5e138825a40cfc0dec27659e,5
a45d787eed8b03a309a1396fd34522fa924ade93,5
7800f2774f51bcfe7b74a67d3091c21d12464f81,5
ce2629f82ab9327354f15a194075c643ac4cef4c,5
fd226599b7b701d40431ab8004fb354ef754c197,5
aa9971ad53d7598048572d812e3973fd44be2fb7,5
5a22d7653591e2e498ee0b226f829a2ab5b9a4d1,6
f1cae699a3ccc8952598e34c644d0134521e9668,5
7926a41e0942982345bddf80c41456bfd176cef2,5
b2ab215f079f8df820286f7a0a7fc5990cb0c7dd,5
f6e8aa0b1ef587715f1692754a647247ec8a0aad,5
88c55d46b5442e700de9674fc11e016cc9495528,5
b28cb8e67b70e27d9f634d82e869e315b7350d4b,5
49795345ecf11230c109d94b3d11a4465268fefa,5
cab90af373e280841f08a9374c28b16c454275ca,5
54b8d1b381c87241cafe87a56198b847e0697e78,5
2647f11fb8a0ebc58381c8a7cd5fa71782d672c4,5
a973b2a286de9348b30f88750aedaf7e2fc2e7ba,5
16141c51307fbcdebdb45ccea4a9c92b42c4ccc6,5
9cf7cf0b5a5b947d3246dde4b64878a17da2a6c0,5
c00b3defaba4dbb1a010f2b59b4f0285f1fa6c7c,5
d92a9a9acea443f30cf113896d97911a8d244b6b,5
96468810f60306280ba2468939eb1927d3e94259,5
0b483c88bcd6a557a3030e541980749e103abbde,5
977f1f1bf75d1b9b505d409195c37f007259022f,5
914037af3b0386a46d6024decae3bab7d114bbc6,5
db7ce700f93dc40bf7c84e976479c77d0474cac0,5
3c0b633c20a8cd0798586304798f1d0cd8b20110,5
2cf430e8842070ff57fe55ed3ae0d8841934c83d,5
bd537e2335aeadb5cb70122e94cb741e5e7247c6,5
f73331c2bd5480e40e4cb8d554376e23e7b9da4e,6
8081e57ddb8e5403dd31064d90cd17ffe2f5b1a2,6
e8687cc324f1875fd5af059192289b07b5cedf8b,6
45142a7f415e734131356f457fbec83fb7d6ae98,6
272379e7bfe134bf5d27834a58eb9cb976369591,6
0c55bf6c7435d7c3c545d96d5b1dc8aca27b26c8,6
3d14784e0ae1bf74b1069aa061d661762c5d874f,6
2e16dc1bf7b96ff5316f8df77d76a95b01920ab8,6
d7e0b01ec1e5b503c28d5968668481f406a9e55a,6
038e32f779be4ed12bf9b258ee35219a40d20df4,6
02f61bb050c105c0afdbbda21ffbacaa2cd06114,5
4aacd04f1358a860c82f647850782265dd2a2a46,6
e1296783f7a8dcb2959eb8904825d203a0d83151,6
de81387a46f1144004354d49ccbc1d6fad86da09,6
1c19d606b39ecc687a8447f5738d544a67065952,6
db4ad26859d68e1b67e6fd8077561e43c866365e,6
107430dc1646029da0e136d0c83eaea068b47c29,5
0f53760b02b5d32cbabe4a2e2bf459ac1b54a964,5
eecd2ce8d22b5c4e603e0aca51354fa834778886,5
09555b32f3d8398e413e9daaedd5b4946bd847dc,5
15de3d0ea78b068ee87c1cb162d16ed34252bd11,5
37195e6e83d21431ebce45bd992c834f3e79348a,5
5bfd684ec7c15b3708e0d497edf46c8e9b0e14a1,5
6262f512d8e82f49b0824c65257dc4ecd6da33b0,5
07542faedbb8bc93323742a4cca34cc829b6dea1,5
dfbc9443558eb625af11d6b01b544d2a4adebccf,5
12e25af715d436cdacc22a115dca5fa2f7e0daec,5
e478456fa3eb8d7c3a95babe5397066660f90e5b,5
908204465d9b732470b78f031e61ed62d5bb633a,5
0a3b80a19a81e7b16fa9f956aaa0a6f146648732,5
2fbf0aa2b2f24c6e092b4ec4090ee47cbf5d6d20,5
87656bfb7c40734b13261a9d948176cff7e5ae81,5
b5c887efbf94369d92434be2a60bcbb125d3c6eb,5
c68d37c1143b6de793e79b5558a76811b58e7fa6,5
a7b4bc7ab359d866ad0705b7b0d66c675133bdbd,5
f5c3b9ddaf0808cd12e6152c21cd22376439a398,5
0955bbfa00b7079e9b9e9ab1b2a3b3974f4d7e35,5
db6fc64fd287324520d99b2ab4d4f7eff570351b,5
13c4cc41448b9da274350c99bb03ec6bb87d586e,5
3f9ae4da4da50e4cbcfe9bc9d0849e04a91a258e,6
20b764929eca87ef820ffffcf83b327448080c8c,6
3a9537d02a51fb605af75254e5635897a7fbf313,5
2751039eee014d2d3ea3e3beb2c2dcc2b342a50b,5
01561a3a1697f337d315aa6e1a9de781158450c4,5
dc789a20feb7fd00ec539e7680719cf70cacee95,5
cc52631e097f56a420ef9162346b062c8aacee9e,6
f845cfdd690976ed6989cbce5544bab1c567415d,6
69c2369fb2195522ddf363d46f605aa6e4a4119f,6
35dab6510a32fae876be2282e7f004d834c2d62c,5
2ce7361fec82bc5e73791ef2aa1db5f3bf108cc6,5
e8cf92b4345c75830ff09ddd9f44e40d2676c1c8,5
de6a58066dc7a336c096256d349ef85fbe6af08f,5
ebb765bbfbdb0ee1e85d6912a6644c63e21db8f5,5
aca234476bade463e6cbc73385fabca27765bedf,5
962d48944175abdffd3a8af2c42b723a9d9deb5c,5
374a454b0e17075ab3b5e591bc8750490740c6d3,5
92090ea6027c554e5a385de42645fe5aca29cb77,5
db37013202c6bc743cdcd7f74e8571142e53f05d,5
c920212b9772ac6fcb7d1898ca11df50c90ca8d1,5
65d299aaf4d0e1ebc56462aac0a8ac4b15a0ef38,6
b3cda1092e6263551968851ff0eb85548d432fc8,6
c6b66876b5f7295e9b0ab6a79ebd1ece37a687d4,6
6008df2ab0d8c1263ec5ff259fe6dcc020f42447,5
83c429cc46c7c5e970d13c5194e4dcc1a8c2ef5c,5
2f9801e62dc6c4429e0f64920256cdba3a61b3db,5
b15dd34d5f05754ae514096530425e035b33ed7c,5
25d73383f4e17b4939627b47f59fe076c335a4f7,5
b76bee0e5970029d0eecc00bd1f60502ee3cb8e7,5
7c074f62be65b284fd9864e8e66ea94338f04c24,5
85ade8c61b212a0a32ec2e3cf8bfb0d1c9ee537c,5
a8c594b8757ca65c7e979c669784bbeba840ed86,5
01b657b762282f90841f43a79b95e690732ac22f,5
1bc88385544b5e2fa1b4bb97046ad5f9644be65a,5
864103a874bbd86fb769e1104d34335092d49b49,5
c4c60935720d2b8ee8d587e2563c7ad6cc64e08b,5
2b1ad9ee3ce49b6a5e98187908a4c985785e2840,5
af280583ac65e8f08b27748b9a8dfe07a350910f,5
dcd051029e40cb404c136d381e2c1b461b2427c5,5
15f84a20498b2cc76609537455ddf25df5901a8f,5
661190c84c4744d6b32e1ef5f2ba3a18e1d0bebc,5
ea14a13c7627a023d43d3bed86f388b73027b52c,5
21fa7734aa7a8fc466438b6ac3fab29af448d9a8,5
c70967af1fe629ace5072b987d1185d93c0ad5e0,5
ead6f909de3de07b1218710b6ec36f107da4e76f,5
b22e136e4a0c4ede1515133bfbb83044851b4d2c,5
df97ac2798e0dc343b897d4bf978882569df762f,5
168f51b61ff785528f5d93b38c7bd07176af1f8e,5
be86e087e02fbfb3509439aa2fe19e8bd72dfb20,6
579d19edd32da93dad5dc01d7944968091924367,6
4202db4b1c3d49e6d68b2b3c4c05bc0aa359a0e9,6
14772a9064af5279a034d82f170c0c16d09d7356,5
b33d890a2ab012367af6ded244713f759f0593d9,5
664dab2b7381f972448b389c94418aa531995680,5
5fb82b28121994b246953547b67a32488776698e,5
3978672274e5b5d4a084e8f98c36c2d920f4b5db,5
fb0871c27433727301c085d8b2daa1baddd59968,5
6b68e7e193943552e1aaa612eac1c0946762937d,5
97e1a380dea17230a828ffcfc073d8677b267317,5
99d1de7da5b705b2a322c85749a26d0d1616ad49,5
ca3d4dab00a15990858ddb60a270d1bcd378a00a,5
c35039a081093ba09fe24cd87052325b901bc76d,5
791023588b102523521858881a6ddee0247058f5,5
ac79fdb7915cc47d437a144f4b03242b17b78200,5
a847974bd61aed10fd65217cd83b6f8f89ec9d48,5
615843840217f8cf06d1cf27f9f41290e19a8cc1,5
2a7e1dbff2dc17d38c11110fb488940f7c84cbeb,5
145cf6918b86b36df7b563da9ba6e53d617bac44,5
843a768df09da5f8dfca81f8c347a045efa10ee7,5
f502dae5394c358868fea9760635d31acd0de865,5
6acb5006a4648f6c6593dd63854bfd1635a23223,5
4cd755112ed4b3f82394af0c53cbea8732baf2bd,5
c040adca654dcec5bea8eef8d2ebb6c046dc4023,5
046a0db51f9969c4d919155a9a6ac6ca340eb292,5
7cd75ffac2b5a0334af42c2ba6c4f70f5314019e,5
8c76112918b2266807f40a091dd78619469ef5c0,5
85d662fcb6c1b07ee445d7602ed32bd55752894e,5
ba14f23ecfbcd3ddfc9a75628612288bdd01dc2e,5
5b7b3b92c85f1a1185a986fb7bcf3ca7b05af345,5
49f446592b3afb2d44563566c1dbf04011a28b6d,5
144a523f17fcd0b7cc2cb0ef48d60d241bacb3af,5
a1f92a705e85cb0bbab141d0f83e5b5675d6ee75,5
328b011e829e7ddd306836f05b08d8fc97b061c3,5
cdd883008a30e490283b485263d4c9736a94819e,5
f55818e1f1f9e7b1bd280f7e8bf5c545b644e069,5
44ddb467dd26c92f3c61ced3563a09007129e01f,5
62e8f3a86f173296ca8e59b9f6898310a752e08f,5
b3e1f319a79f7501f6e9ef0eecd8ce10dbda2ee2,5
010c81dedb509892f0517b347974a666236d24b2,5
1a2ee7ae1ac0f476f6597c94824128a69896326c,5
667aefa24f97c27ddb5d71057bc8801d02fb7623,5
363c6260ab9e0833ea9d74fc4b53cc4fef28a965,5
f46e3cd5d53058edbe8febe45fffe1ea2f996a86,5
e36d36b476db704d4d3c075fd9ed29c50a9b307d,5
57502517eefc8e9ec5eb11b43b84d4e9bfdbc3f0,5
a27963c493d8eb8b90637c908d6f8accba8169ca,5
ad11ff35f874256662f9d45d27821d66a0ce4145,5
cdd38a92b87c0f1fef677a51d2bddc426c70daf9,5
05844aa25cd3f5de9d1f744d80906d36701f7ae5,5
ca87de96db191ba3e871a6a4de4910b957e7ad59,5
92da60bca06fb2fd327ea8aa468b402ff8999447,5
bf4bb93c06968cb55a1b6678eca4ab0412f902ab,5
b0f73479eaf7de2c3c0fdeb95fa6ff9d890f6357,5
f189dc4d8b0f4c1cfb89f28767588a152cc12094,5
1e98fcc8825e52efc0405d68c0bc5395c4b3e1f7,5
6a625b4742c59a81fc0ff6c43d596b038ee4aae7,5
739229ff23add3d88400a4f9c8fa56b2d649c5ef,5
1be4ba88ad267af49c085c3719ddd8e21d0b8994,5
b29258fe437df248cea2b2583ef68fd4e41e81f4,5
9260bebf17b68da17105a38236d214f08f33ec9c,5
7036e33d2963b272d89427059d98a91d28f65ac6,5
f39e4a1c07a62abf3b4291d300589ef0df3484e6,5
36f1e1ac17b03d763dce3d1820a97cb27842cde5,5
fd5936227038a77537d701bd278fddc5c60783dc,5
b09a1e55ef1aec513f46c8b7405d51c06d07a35a,5
d32c376c96b2456cb516a99ad5e48dfe514d1a1e,5
156815ddb38b63613a639dd4f02bccb99d0a7ef4,5
954115237f9f7c207ef18ea892c926cb9333b77d,5
095c6a5a388caa4848960b34ce931914f170e9aa,5
c4cb33031ac98a0963c7034da6e1678ac1fee80a,5
88b2b1570238519d482fef493db296b259c00a11,5
9cde5350730ad811a517d602e8f5a23d719e0eba,5
28a2225fc43a84c4d1e868b0399f3979c9526066,5
62a216bd2dafd80339f509bc4dabc8cb56e35bb6,6
bbb6073b5bcd9bc52d20e3d534912042c01c617b,6
eccda29c94d12d3479f0485a191a9deefe2da6df,6
dc211fab02205f22d5ede922ea3e60489e4aec11,6
afbe9fb0d30796dc739b5f2354ae44d8e4d30bb7,5
529ded6d6ad5846ffe55801bdd5cd854da23862c,5
068972362b78ea9fe889d89925bded5ed5b39502,5
82b174a5e6ab99aa9c6e828d09a373b83642cb22,5
ac19ee1af64f9bbac4d6469f5de49977ce1968ee,5
ff025d5431b46e9385f202c675ebf951fa8e9f2a,5
ce36ffec89c04bd1c6f8b55a3d68e3a5f2870687,5
41ac602babdcd623a69dadfee9b2589414864d5f,3
737cf8cb501c2422b5b201a41276afc2d5a0ba88,4
9eb0f46ab8ea37cf54b937f2e2cd8ad35c6d718d,2
c5545d8db4998fb67c3ccc998819b8a9496b4ef1,3
45c0879e5e17236a515d8315c237dd3f6fcf1797,7
72663aff08aed37a83b31ed122219177277f4de2,5
